Rank,Industry,Sector,Relative Strength,Percentile,1 Month Ago,3 Months Ago,6 Months Ago,Tickers
1,Silver,Basic Materials,236.92,99,99,96,90,"AG,SVM,DVS"
2,Other Precious Metals & Mining,Basic Materials,202.65,99,99,98,97,"NEWP,ASM,HL,EXK,MUX,SBSW,BVN,PPTA,ITRG,MTA,SLSR,ELE,VOXR,PLG,TFPM,LODE"
3,Copper,Basic Materials,199.65,98,97,95,77,"TGB,HBM,SCCO,ERO,IE,FCX"
4,Gold,Basic Materials,190.62,97,97,96,96,"TRX,PZG,THM,AUGO,IAG,CDE,NGD,VGZ,GORO,AU,IAUX,NG,SA,AAUC,GOLD,CGAU,PAAS,EQX,KGC,GFI,DRD,CNL,EGO,IDR,SSRM,NEM,FSM,ORLA,GAU,ODV,GROY,DC,AEM,WPM,AGI,GLDG,BTG,OR,CMCL,RGLD,CTGO,NFGC,FNV,USAU,HMY,AUST,NAMM,BGL"
5,Aluminum,Basic Materials,178.8,97,95,89,47,"CENX,AA,CSTM,KALU"
6,Other Industrial Metals & Mining,Basic Materials,174.29,96,98,98,98,"SCZM,TII,USAS,ALM,CRML,UAMY,LAR,SKE,ELVR,TMQ,NVA,NEXA,WRN,SLI,SGML,ABAT,TMCWW,USAR,FURY,MP,VALE,TMC,NB,MTRN,TECK,RIO,IPX,BHP,OMEX,LAC,NAK,GRO,CMP,GSM,LGO,WWR,VZLA,USGO,XPL,NMG,ATLX,FMST,IONR,LZM,LITM,NEXM,ELBM"
7,Semiconductor Equipment & Materials,Technology,170.24,95,93,87,46,"ICHR,UCTT,TER,FORM,AEHR,ACMR,LRCX,ASYS,AMAT,AMKR,PLAB,CAMT,IPGP,KLIC,ATOM,ONTO,ASML,NVMI,KLAC,ENTG,TRT,COHU,INTT,VECO,DQ,ACLS,INDI,AMBA,SMTK"
8,Uranium,Energy,157.02,95,96,92,95,"UUUU,DNN,NXE,UEC,CCJ,UROY,URG,ISOU,LEU,AEC,EU"
9,Oil & Gas Drilling,Energy,153.62,94,89,62,23,"BORR,NBR,RIG,NE,PDS,HP,SDRL,PTEN,SOC"
10,Financial Conglomerates,Financial Services,150.44,93,95,40,93,"RILYP,RILYL,RILY,IX,VOYA,TREE"
11,Communication Equipment,Technology,147.98,93,94,93,93,"LITE,FIEE,ONDS,CIEN,VSAT,SATS,AAOI,VIAV,FEIM,CMTL,ASTS,VISN,GILT,LTRX,MOB,BKTI,UI,TSAT,NOK,DGII,CMBM,INSG,OCC,SILC,ERIC,BDC,ADTN,MSI,CSCO,AVNW,HLIT,BOSC,AMPG,AIRG,KVHI,CLFD,HPE,CRNT,MOBBW,MITQ,UTSI,CLRO,ZBRA,FKWL,EXTR,AUDC,NTGR,SYNX,SONM,BOXL,ASNS"
12,Electronic Components,Technology,138.86,92,91,86,95,"OPTX,WBX,VICR,LPTH,TTMI,GLW,BELFA,BELFB,FN,ALNT,CLS,CPSH,DAKT,LFUS,APH,JBL,PLXS,BHE,MPTI,KN,SANM,ROG,OUST,FLEX,TEL,RELL,DSWL,KOPN,OSIS,CTS,LYTS,MEI,LGL,MTEK,DAIO,RAL,ELTK,OLED,LINK,KULR,REFR,SELX,IMTE,OST,HOLO,NEON"
13,Oil & Gas Equipment & Services,Energy,136.67,91,90,70,34,"NESR,FET,OIS,TTI,SND,DWSN,VAL,EFXT,LBRT,FTI,WFRD,OII,PUMP,INVX,SEI,TDW,NPKI,KGS,HAL,DTI,TS,BKR,NOV,XPRO,WTTR,SLB,AROC,NGS,HLX,FTK,VTOL,WHD,CLB,RNGR,FLOC,RES,KLXE,NCSM,USAC,ACDC,NOA,LB,GEOS,AESI,LSE,RCON,OMSE,STAK"
14,Coking Coal,Basic Materials,136.33,91,93,92,97,"AREC,HCC,METC,METCB,AMR,SXC"
15,Solar,Technology,125.26,90,91,90,78,"ASTI,TYGO,TOYO,NXT,SEDG,RUN,SPRU,ARRY,FTCI,CSIQ,ENPH,VVPR,JKS,SHLS,FSLR,SPWR,BEEM,MAXN,SUNE,ZEO,SMXT,TURB,PN"
16,Semiconductors,Technology,124.87,89,88,83,75,"MU,LASR,SKYT,ASX,TSEM,IMOS,SIMO,GSIT,NVTS,SITM,MTSI,SMTC,INTC,MRAM,TSM,AIP,LSCC,MPWR,SLAB,ADI,UMC,ALGM,ON,DIOD,RMBS,STM,AMD,QUIK,VSH,POET,ALMU,GFS,CRDO,MCHP,MXL,MCHPP,CRUS,SYNA,NVDA,TXN,AVGO,LAES,POWI,NXPI,NVEC,WKEY,ALAB,AMBQ,MRVL,QRVO,PRSO,AOSL,ARM,CEVA,HIMX,PI,QCOM,GCTS,PXLW,SWKS,MX,VLN,LEDS,ICG,NA,SQNS,MOBX"
17,Thermal Coal,Energy,121.54,89,84,84,62,"BTU,NC,NRP,HNRG,CNR,ARLP"
18,Aerospace & Defense,Industrials,119.52,88,86,68,74,"PL,SIF,ISSC,DPRO,ATRO,RKLB,HOVR,SIDU,KTOS,ESLT,CODA,HII,KRMN,WWD,PKE,AIR,DCO,TATT,MRCY,CW,VSEC,HWM,LUNR,VWAV,BWXT,HXL,LMT,SATL,LHX,EMBJ,CVU,NPK,NOC,GE,SWBI,VVX,RTX,OPXS,POWW,TXT,HEI,CDRE,AVAV,DRS,BA,SPAI,SARO,GD,CAE,POWWP,AIRI,RGR,PRZO,RDW,TDG,XTIA,LOAR,SKYH,VOYG,AXON,EVTL,ACHR,EH,AIRO,SPCE,EVEX,FLY,BYRN,PEW,DFSC,KITT,GPUS,DFNS,MNTS,GAUZ"
19,Electrical Equipment & Parts,Industrials,117.75,87,85,90,86,"BE,TE,LNKS,POWL,AMPX,AEIS,ELVA,VRT,RFIL,ESP,EOSE,PLPC,ENS,FCEL,NVT,SKYX,PLUG,HUBB,PPSI,CBAT,KE,ATKR,APWC,LTBR,ENR,FLUX,HAYW,ADSE,AYI,ULBI,TGEN,NEOV,SDST,MVST,EPOW,NVX,ENVX,IPWR,GWH,POLA,STI,XPON,EAF,DFLI,CCTG,RAYA,ELPW"
20,Banks - Diversified,Financial Services,117.57,86,89,82,84,"SAN,HSBC,BBVA,CM,BCS,SMFG,TD,ING,C,BNS,BMO,RY,MUFG,BK,NTB,UBS,WFC,BAC,JPM"
21,Utilities - Independent Power Producers,Utilities,116.92,86,82,94,91,"KEN,TLN,NRG,DGXX,TAC,VST,PAM"
22,Confectioners,Consumer Defensive,116.56,85,70,58,43,"RMCF,HSY,TR,MDLZ"
23,Biotechnology,Healthcare,115.89,84,92,97,99,"RLMD,GLTO,ANL,ALMS,PRAX,VTYX,CELC,RAPT,CLYM,SNSE,CAPR,ANRO,KOD,IBRX,ZURA,IPSC,COGT,NBTX,IMMX,INBX,ARMP,PVLA,NKTR,CRVS,CTMX,TNGX,OLMA,PRLD,PEPG,SLS,MAZE,LPCN,GLUE,GLSI,NERV,CNTX,STTK,DBVT,GPCR,IRD,ALXO,IBIO,DRTS,SEPN,ARWR,TYRA,NAUT,SRZN,STOK,APLM,PLRZ,NMRA,KLRS,CNTN,BLTE,QTTB,OVID,CBUS,EQ,ANAB,CTNM,AMLX,ORKA,MBX,FBRX,DRUG,SYRE,RVMD,KYMR,ROIV,AVTX,RLAY,NRXS,NAMSW,STRO,KYTX,FBIOP,LRMR,URGN,ABOS,OCGN,EYPT,OMER,DFTX,MRNA,DSGN,LSTA,MSLE,DNTH,CNTB,RAPP,ALLO,PBYI,VOR,LCTX,IMNM,VTVT,ENGN,SVRA,CGON,WVE,ANNX,NBP,MIRM,IVA,SPRO,CABA,ZBIO,CLLS,CMPX,SPRB,TENX,IONS,CING,PALI,VNDA,LYEL,MAIA,PMN,PTN,VIR,CAMP,ORMP,ARTV,FOLD,IMRX,NUVB,PLX,MLYS,FBIO,VERA,FDMT,KPTI,SION,CGTX,ACLX,IMTX,SABS,TSHA,EPRX,PRME,ZNTL,ENTA,KRYS,APGE,ALEC,NXTC,EWTX,RCUS,WHWK,ADAG,TRVI,LXRX,PTGX,PGEN,PHAT,ADCT,CHRS,IMMP,PROK,OCS,ATAI,TBPH,CGEM,ORIC,ONCY,ARQT,LONA,HYFT,IOVA,ZYME,GRDX,PCVX,IMVT,NGEN,ELVN,AVIR,LXEO,SANA,VRDN,CNTA,QURE,VALN,NAMS,BBIO,UTHR,ASMB,TRDA,TARA,NTLA,BEAM,DMAC,RANI,JAZZ,LQDA,SLDB,NKTX,CYTK,KTTA,SNDX,PHVS,RLYB,ACHV,CLDX,KZR,NVAX,PYPD,ARVN,FULC,GRCE,MRKR,INSM,ELTX,TVTX,TCRT,DNLI,KZIA,PHAR,NTHI,GALT,DAWN,ADPT,LGND,AUPH,LIXT,NVCT,TARS,FATE,SRRK,BCAX,RYTM,RCKT,CCCC,AEON,KALV,CRBU,AXSM,CDIO,UNCY,ALDX,ARDX,PTHS,JBIO,RPRX,IVVD,MNPR,ASND,IDYA,HYPD,CRNX,ICCC,SGMT,FHTX,NUVL,KRRO,INVA,MOLN,ONC,IKT,ABUS,FTRE,AARD,NRIX,AUTL,GHRS,GERN,MLEC,XENE,INCY,XERS,CRSP,VYNE,GANX,PTCT,MESO,MGNX,ACIU,REGN,MGTX,GMAB,OBIO,FENC,GLPG,PASG,ARGX,VYGR,MRVI,VRTX,INKT,ANVS,RIGL,VKTX,CGEN,CPRX,KLTO,EXEL,HELP,MDGL,ACAD,IMUX,BNTX,AVBP,ENLV,ELDN,HALO,NGNE,EVAX,XNCR,PRTA,ZVRA,KROS,ABCL,RADX,DYN,IRON,XOMAO,VANI,XOMAP,DNA,BMRN,KURA,TECX,SEER,OCUL,VRCA,HOTH,MNOV,PRTC,ADXN,BMEA,COEP,OABI,RNXT,APLS,AURA,TECH,SLN,EDIT,GYRE,ABEO,AGIO,ALLR,MDWD,OKYO,INO,TLSA,BDTX,REPL,TGTX,TNXP,IMCR,ESLA,ANTX,ALT,RNAZ,ACOG,OKUR,BCRX,CADL,ALNY,XOMA,BOLD,BBOT,MIST,SGMO,ANIX,ABSI,SAVA,RGNX,ACRV,VCEL,SPRY,AVXL,PMVP,IGC,ADMA,ABVC,MGX,PLUR,AAPG,BNTC,IPHA,CSBR,XBIT,ARCT,NTRBW,XBIO,DYAI,KPRX,ATHE,CRBP,PYXS,VIVS,BHVN,RNAC,BOLT,AGEN,COYA,COCP,TCRX,BTAI,LTRN,BGMSP,PMCB,MLTX,CLRB,DTIL,TRAW,NRXP,NEUP,NTRB,ATNM,CRVO,VERU,HRMY,DARE,HRTX,RNTX,OSTX,CVM,KYNB,BLRX,XTLB,NRSN,RXRX,XFOR,SLNO,PLRX,TELO,SMMT,NNVC,YDES,ALZN,KAPA,GNLX,IBO,CRDF,BCYC,MDXG,ALGS,ENTX,SRPT,ZLAB,IFRX,MNKD,QNRX,PRQR,PHIO,CBIO,BCDA,BYSI,MBIO,EVGN,HURA,VSTM,BRNS,MTNB,NAGE,PDSB,TNYA,XLO,HUMA,CRIS,DOMH,EDSA,SILO,RARE,CVKD,CTXR,XCUR,ATYR,ACET,IMA,INTS,MCRB,CRMD,JUNS,EXOZ,CELZ,CAI,LEGN,SCNI,LGVN,APM,LEXX,SNGX,CYCN,INAB,FBLG,CELU,RZLT,BIVI,PSTV,APRE,PULM,INMB,SXTP,UPB,PHGE,TOVX,HOWL,TLX,ACTU,GLMD,XRTX,INDP,JSPR,OGEN,IMNN,DWTX,CDXS,GDTC,TIL,LITS,CORT,INM,ATRA,TVRD,JANX,IMRN,OSRH,ICU,LENZ,AIM,NBY,NCEL,NCNA,TVGN,JAGX,CMMB,CANF,SNTI,VRAX,AKTX,BCAB,CLDI,SKYE,CUE,SER,GNPX,TPST,GTBP,SLXN,PPBT,GNTA,ITRM,ARTL,HIND,ATOS,GUTS,IOBT,CNSP,DCOY,RVPH,BCTX,CURX,BGMS,LYRA,ETHZ,AZTR,KALA,PCSA,ACXP,DRMA,ENVB,ANEB,CLGN,OTLK,ADIL,LNAI,REVB,GOSS,CALC,MREO,APVO,ASBP,MBRX,ENSC,MTVA,ONCO,VTGN,CDT,BDRX,BRTX,ERNA,SPRC,LIMN,HCWB,MENS,PPCB,GOVX,QNCX,CMND,ADTX,GRI,ELAB,PBM"
24,Engineering & Construction,Industrials,115.61,84,81,73,81,"PHOE,FIX,MAGH,STRL,TPC,AGX,ECG,SKBL,WLDN,FBGL,IESC,ORN,DY,MTZ,SHIM,ESOA,PRIM,MYRG,PWR,GLDD,EME,AMRC,CDLR,ROAD,GVA,APG,BLD,FLR,ACA,BWMN,BBCP,J,TTEK,EXPO,STN,TIC,MTRX,KBR,ACM,VATE,ONEG,BLNK,SKK,ZDAI,MSW,RITR,OFAL,SLND,MIMI,FGL,MSGY"
25,Tools & Accessories,Industrials,115.52,83,78,41,21,"KMT,RBC,TKR,CVR,TTC,LECO,SWK,SNA,HLMN,EML"
26,Medical Distribution,Healthcare,115.07,82,80,88,91,"EMPG,EDAP,YI,CAH,MCK,COR,HSIC,AHG,ACH,COSM,SNYR"
27,Metal Fabrication,Industrials,113.63,82,71,42,71,"AP,ATI,CRS,NWPX,GPGI,PRLB,MEC,MLI,IIIN,TG,ESAB,WOR,TPCS,TRSG,HIHO,OLOX,MTEN"
28,Oil & Gas Midstream,Energy,112.93,81,66,60,41,"NGL,FRO,NAT,INSW,TEN,DHT,EE,TK,LPG,TNK,STNG,CMBT,TRMD,PBT,TRGP,PXS,DTM,AM,WMB,TRP,NVGS,KMI,SOBO,PAGP,PAA,GEL,PBA,VNOM,FLNG,MPLX,ENB,EPD,GLNG,KNTK,IMPP,MARPS,ET,WES,SMC,HESM,OKE,CQP,IMPPP,DLNG,SBR,GLP,LNG,VG,MMLP,TMDE,TOPS,BANL,RBNE"
29,Discount Stores,Consumer Defensive,112.3,80,75,66,50,"DG,PSMT,DLTR,TBBB,WMT,TGT,COST,BJ,OLLI"
30,Utilities - Regulated Water,Utilities,112.02,80,82,77,48,"ARIS,SBS,CDZI,CWCO,HTO,CDZIP,ARTNA,YORW,MSEX,WTRG,CWT,PCYO,AWR,AWK,GWRS"
31,REIT - Healthcare Facilities,Real Estate,111.13,79,73,79,66,"DHC,AHR,CTRE,NHPAP,NHPBP,VTR,MPT,WELL,OHI,NHI,SBRA,STRW,LTC,UHT,HR,SILA,CHCT,DOC"
32,Real Estate - Diversified,Real Estate,111.08,78,80,80,78,"STRS,JOE,CHCI,HHH"
33,Oil & Gas Integrated,Energy,110.62,78,74,60,36,"IMO,CVE,SU,XOM,EC,PBR,E,TTE,EQNR,CVX,SHEL,BP,NFG,SLNG,CRGY,YPF,TGS,SKYQ"
34,Marine Shipping,Industrials,110.27,77,65,50,26,"HSHP,ECO,TORO,EDRY,SHIP,ZIM,GLBS,PANL,DSX,MATX,SB,CMRE,GNK,ESEA,NMM,CMDB,BWLP,KNOP,SBLK,ASC,GASS,USEA,SMHI,SFL,HAFN,DAC,KEX,CCEC,PSHG,CTRM,EHLD,UFG,HTCO,HMR,VNTG,ICON,SVRN,NCT,CISS,RUBI"
35,Specialty Industrial Machinery,Industrials,110.15,76,84,72,60,"BW,SHMD,PSIX,TAYD,B,GHM,THR,TWIN,HLIO,GNRC,FLS,RRX,GRC,CMI,SYM,PH,DCI,NDSN,BWEN,PKOH,WTS,SXI,NPO,ITT,CVV,AME,HUHU,DOV,GTES,OFLX,MWA,ATS,EMR,ROK,BLDP,JCSE,IEX,MIDD,ITW,JBTM,IR,ETN,CR,AOS,AMSC,GGG,GTLS,KAI,LBGJ,MIR,CSW,HURC,LXFR,FELE,XCH,XMTR,EPAC,SERV,PNR,RR,OTIS,KRNT,XYL,CXT,NNE,SPPL,OPTT,TNC,NPWR,ENOV,GTEC,SMR,BURU,INLF,CETY,ZJK,WFF,LASE"
36,Apparel Manufacturing,Consumer Cyclical,108.74,76,19,70,71,"NCI,FIGS,VNCE,UA,UAA,GIL,XELB,ZGN,RL,VFC,LEVI,GIII,JRSH,COLM,GOOS,SGC,OXM,JL,KTB,PVH,PLCE,LAKE,JXG,PMNT"
37,Airlines,Industrials,108.42,75,77,56,83,"ALGT,LUV,SNCY,VLRS,LTM,CPA,UAL,DAL,RJET,RYAAY,JBLU,ALK,SKYW,ULCC,AAL,SRFM,FLYX"
38,Department Stores,Consumer Cyclical,107.66,74,86,94,85,"KSS,M,DDS,PLBL"
39,Chemicals,Basic Materials,107.39,73,49,13,19,"GPRE,RYAM,TROX,REX,MEOH,LXU,HUN,DOW,OLN,WLKP,BAK,CE,VHI,ASIX,ASPI,GURE,ORGN"
40,Railroads,Industrials,107.19,73,53,36,22,"RAIL,WAB,TRN,CSX,FSTR,GBX,NSC,UNP,CP,CNI,RVSN"
41,Lodging,Consumer Cyclical,106.55,72,73,74,49,"INTG,HTHT,MAR,CVEO,ATAT,HLT,H,IHG,WH,CHH,GHG"
42,Rental & Leasing Services,Industrials,105.73,71,67,43,61,"FTAI,WLFC,GSL,CTOS,R,AER,PRG,ALTG,VSTS,GATX,AL,URI,FTAIM,HRI,MGRC,FTAIN,WSC,PONY,UHAL,MWG,HTZ,CAR"
43,Conglomerates,Industrials,105.36,71,79,78,13,"MAMK,DLX,SEB,FIP,VMI,BBU,HON,GFF,AIRT,AIRTP,MDU,MATW,PLAG,CRESY,TRC,MMM,TUSK,CODI,BOOM,BOC,RCMT,NNBR,HHS,LGPS,FBYD"
44,Banks - Regional,Financial Services,105.3,70,69,58,59,"WF,KB,SHG,BAP,CMTV,ISBA,CIB,ITUB,BBDO,BBD,SFST,RRBI,RBKB,ATLO,VBNK,BSAC,MFG,BCH,MSBI,FGBI,KFFB,WSBK,EGBN,BOTJ,IFS,PKBK,MCB,NKSH,LYG,HFBL,BLFY,ISTR,MRBK,EBMT,CFG,SSBI,PEBK,AMAL,VLY,ASRV,WBS,AVAL,FRST,OBT,FVCB,BPOP,CFBK,OVBC,MBIN,FBNC,NIC,STEL,HTBK,WSBF,FSBC,BKU,BSRR,AVBH,LNKB,NBN,CASH,WASH,KRNY,LOB,KEY,MVBF,INTR,CBNA,BSBR,AVBC,CBAN,CFFN,BWFG,CLST,FITB,TRST,WNEB,MBBC,BOKF,NFBK,BANC,AX,AROW,EBC,FIBK,USB,BYFC,SHBI,RBB,NU,TMP,DB,PLBC,TSBK,BBT,OVLY,RF,SRBK,PFS,FCAP,THFF,OPHC,PGC,LSBK,CCNE,CARE,INDB,WTBA,BFC,BWB,MNSB,AUB,CAC,TCBI,WSFS,PNC,DCOM,NWG,NEWT,HWC,FRAF,MCHB,COSO,FUSB,BMA,NBBK,MTB,QCRH,OBK,UBSI,HTH,SMBK,FFBC,CZNC,FFIC,ALRS,BOH,TRMK,CLBK,FCBC,CWBC,COLB,HFWA,FXNC,HBCP,ZION,MPB,ABCB,LCNB,BLX,FULT,MBWM,EWBC,WTFC,BY,FISI,SMBC,BVFL,FNB,CUBI,CPF,TFC,NWFL,FHN,UBFO,CTBI,NPB,MBCN,CPBI,FNWD,FCCO,FDSB,ESQ,ACNB,LC,HBT,MYFW,UVSP,SBCF,PFIS,WSBC,SPFI,FBK,PDLB,FFWM,AMTB,NECB,HOPE,FLG,STBA,FMBH,PBFS,CNOB,CZWI,CIVB,CHMG,FSEA,FNLC,BRBS,TCBK,OSBC,UBCP,CBFV,PEBO,CATY,BUSE,TCBX,BFST,HTB,IBCP,FCF,CFR,FBLA,PCB,LARK,BHB,CFFI,ONB,ORRF,ASB,FBIZ,SSB,HWBK,MBINL,USCB,SFBS,SRCE,EQBK,SBSI,GBCI,HBNC,UMBF,BCAL,UNTY,TCBIO,UCB,RNST,HIFS,FBP,WAL,AUBN,CCBG,BMRC,MSBIP,IROQ,CBU,MGYR,FMAO,EFSI,WABC,SFNC,TFSL,NWBI,HAFC,BWBBP,BHRB,BPRN,OCFC,NRIM,GABC,HBAN,BCML,CNOBP,GSBC,FGBIP,AFBI,NBHC,WAFD,FDBC,ECBK,MBNKO,FRBA,DCOMP,PROV,RMBI,FRME,EFSCP,FSUN,PRK,OZK,UMBFO,CZFS,VLYPN,IBOC,EFSC,WTFCN,MNSBP,NBTB,HBANM,JMSB,MBINM,BBAR,FUNC,WAFDP,CCNEP,VABK,FCNCO,TCBS,FRMEP,MCBS,ONBPO,NSTS,FSBW,VLYPP,FCNCA,MBINN,FITBI,SBFG,FHB,NEWTP,OPBK,ONBPP,HBANP,CVBF,FITBP,VLYPO,PB,HBANL,RBCAA,FNWB,RVSB,OZKAP,BUSEP,TOWN,BSVN,PFBC,CHCO,OFG,BSBK,FCNCP,FULTP,CBNK,HOMB,IBN,FMNB,BCBP,TFIN,GGAL,FITBO,COFS,SUPV,HNVR,GCBC,LKFN,PNFP,FFIN,BANF,BANR,FINW,UNB,CBSH,TBBK,SYBT,HDB,PNBK,SFBC,ZIONP,INBK,PBHC,GBFH,CCB,BAFN,SHFS"
45,Auto Parts,Consumer Cyclical,104.91,69,69,71,79,"MOD,DAN,SYPR,GTX,BWA,CPS,PLOW,PHIN,MGA,SRI,SLDP,STRT,SES,MNRO,HLLY,HSAI,ALSN,LEA,ADNT,SMP,DCH,HYLN,XPEL,ALV,CAAS,PRTS,APTV,QS,VC,CVGI,GNTX,THRM,LKQ,MLR,FOXF,GT,GPC,WPRT,ECX,KNDI,MPAA,DORM,INVZ,MBLY,REE,INEO,WKSP,FRSX"
46,Oil & Gas E&P,Energy,104.15,69,52,26,15,"BATL,CLMT,NRT,INDO,BTE,TPL,WTI,EGY,SD,TBN,CNQ,KOS,REI,GTE,VET,PR,OBE,AMPY,APA,CRC,WDS,BKV,OVV,MXC,DVN,COP,MUR,VIST,MGY,TALO,OXY,CTRA,CNX,GPRK,FANG,BSM,GFR,VOC,MTDR,EQT,NOG,EOG,KRP,CHRD,PED,INR,MNR,DMLP,PNRG,EPM,RRC,PVL,GPOR,MVO,VTS,REPX,CRT,CKX,EXE,SM,AR,GRNT,MTR,SJT,EONR,DEC,TXO,EPSN,PRT,CRK,USEG,BRN,EP,NEXT,KGEI,PROP,HPK,ANNA,TPET"
47,Utilities - Regulated Electric,Utilities,104.01,68,64,72,67,"KEP,HE,EIX,NGG,NEE,CEPU,ETR,POR,AEP,ENIC,NWE,ES,FTS,PCG,IDA,EVRG,CNP,FE,XEL,OKLO,EMA,ED,PNW,AEE,LNT,OGE,D,VIASP,EXC,DUK,DTE,PPL,WEC,SO,TXNM,CMS,PEG,MGEE,GNE,EDN,IMSR"
48,Utilities - Diversified,Utilities,103.96,67,58,67,31,"ELPC,AES,CIG,BIP,SRE,OTTR,AVA,UTL,MNTK"
49,Luxury Goods,Consumer Cyclical,103.53,67,76,88,89,"TPR,ELA,REAL,MOV,SIG,LUXE,CPRI,BRLT,LANV,BGI,SORA"
50,Telecom Services,Communication Services,103.14,66,56,60,65,"SIFY,GSAT,KORE,TIGO,ATNI,SKM,VOD,ATEX,VIV,TIMB,IHS,TV,LUMN,AMX,KT,AD,RCI,LBTYB,TDS,VZ,TLK,SHEN,LBTYA,GLIBK,BCE,TKC,GLIBA,IRDM,LBTYK,LILA,LILAK,CMCSA,VEON,PHI,T,CHT,TEO,LBRDP,KYIV,TMUS,IDT,CXDO,UCL,TU,RDCM,LBRDA,LBRDK,CHTR,FNGR,RBBN,OPTU,CCOI,CABO,GOGO,IQST,PCLA"
51,Specialty Chemicals,Basic Materials,103.0,65,59,43,49,"ALB,LWLG,SQM,ALTO,PRM,DD,SSL,ESI,CC,WLK,NGVT,ECVT,ODC,MATV,AVNT,FF,PPG,ASH,KOP,WDFC,LIN,GEVO,CMT,MTX,ECL,FUL,IFF,KWR,HWKN,BCPC,NTIC,EMN,LYB,LOOP,AXTA,CBT,SXT,APD,SHW,HDSN,RPM,SCL,KRO,IOSP,NEU,FSI,BON,OEC,SNES,BGLC,FEAM,CNEY,YMAT,TSE"
52,Beverages - Brewers,Consumer Defensive,102.88,65,61,30,5,"ABEV,BUD,FMX,CCU,SAM,STZ,TAP"
53,Scientific & Technical Instruments,Technology,102.87,64,44,37,24,"COHR,MKSI,KEYS,VPG,WATT,CGNX,ESE,BKSY,TDY,ODYS,ST,ITRN,GRMN,SOTK,NOVT,ACFN,FTV,VNT,MLAB,WRAP,GNSS,ELSE,ITRI,MIND,TRMB,BMI,MVIS,ASTC,USBC,SOBR,FCUV,SVRE"
54,REIT - Retail,Real Estate,102.42,63,43,34,30,"WHLRP,CBL,PINE,ALEX,NTST,MAC,CURB,O,KRG,WSR,ALX,SPG,GTY,BRX,SKT,WHLRD,PECO,KIM,FRT,IVT,UE,REG,NNN,ADC,BFS,SITC,AKR,FCPT,REGCP,REGCO,WHLR"
55,Steel,Basic Materials,102.34,63,71,75,72,"MT,WS,PKX,TX,CMC,STLD,GGB,ACNT,NUE,LUD,SID,RS,SIM,MTUS,CLF,MSB,FRD,ASTL,HLP,HUDI,KBSX,ZKIN,INHD"
56,Oil & Gas Refining & Marketing,Energy,101.96,62,57,77,76,"UGP,PARR,DK,PBF,VLO,DKL,PSX,SUN,MPC,DINO,CLNE,SGU,CSAN,IEP,WKC,CAPL,CVI,AMTX,DLXY"
57,Trucking,Industrials,101.61,61,32,3,3,"XPO,ARCB,KNX,TFII,CVLG,SAIA,ODFL,HTLD,WERN,SNDR,MRTN,RXO,PAMT,ULH,TOPP,ETS"
58,Diagnostics & Research,Healthcare,101.34,60,87,91,56,"BNR,PRE,NEOG,PRPO,ACRS,IMDX,EXAS,TWST,GH,MBAI,BDSX,PSNL,XWEL,MDXH,FONR,CSTL,ILMN,ATLN,DGX,NTRA,STRRP,IDXX,LH,CDNA,QGEN,SHC,NEO,FLGT,CRL,MTD,VCYT,MEDP,RDNT,TMO,DHR,STRR,RVTY,GRAL,A,NDRA,WAT,OPK,IQV,MYGN,STIM,ICLR,XGN,VNRX,MYNZ,ISPC,BIAF,ADVB,NOTV"
59,Consumer Electronics,Technology,100.76,60,47,85,99,"ZEPP,LPL,VUZI,FEBO,AAPL,SONO,AXIL,RIME,FOXX,MSN,TBCH,UEIC,SONY,GPRO,KOSS,WLDS,WTO"
60,Publishing,Communication Services,99.96,59,43,23,4,"LEE,TDAY,SCHL,NYT,EDUC,PSO,WLYB,WLY,TNMG"
61,Travel Services,Consumer Cyclical,99.86,58,63,66,80,"LIND,NUTR,VIK,TNL,CCL,NCLH,RCL,ABNB,YTRA,EXPE,NTRP,TOUR,TCOM,BKNG,TRIP,MMYT"
62,REIT - Specialty,Real Estate,99.81,58,38,26,11,"OUT,LAND,FPI,IRM,EQIX,EPR,UNIT,DLR,LAMR,GLPI,LANDO,LANDP,WY,SELF,RYN,AMT,SBAC,PW,CCI"
63,Footwear & Accessories,Consumer Cyclical,99.32,57,47,22,84,"FOSL,DBI,RCKY,DECK,VRA,SHOO,WEYS,WWW,CROX,ONON,NKE,BIRK,FWDI,FMFC,AREB"
64,Apparel Retail,Consumer Cyclical,99.27,56,76,45,14,"LVLU,VSCO,AEO,ZUMZ,CTRN,CRI,ROST,LE,ANF,BOOT,BKE,BURL,RENT,TJX,GAP,SCVL,JILL,TLYS,URBN,CATO,BRIA,CAL,GCO,DLTH,LULU,AKA,SFIX,DBGI,CURV,BIRD,DXLG,JEM"
65,Utilities - Regulated Gas,Utilities,99.02,56,54,60,27,"CTRI,BIPC,BKH,NWN,SR,NJR,SWX,NI,OGS,ATO,SPH,UGI,CPK,RGCO,OPAL,NFE"
66,Beverages - Non-Alcoholic,Consumer Defensive,98.98,55,36,47,52,"COKE,CELH,STKL,COCO,MNST,KOF,CCEP,PEP,KO,KDP,FIZZ,PRMB,BRFH,ZVIA,REED"
67,REIT - Industrial,Real Estate,98.79,54,35,34,18,"ILPT,PLD,FR,LXP,NSA,EGP,TRNO,MDV,PSA,STAG,EXR,CUBE,IIPR,LINE,SMA,COLD,REXR"
68,"Furnishings, Fixtures & Appliances",Consumer Cyclical,98.75,54,65,62,39,"XWIN,FGI,HOFT,FLXS,SN,PATK,OESX,HBB,LEG,SNBR,MLKN,SGI,MHK,CRWS,BSET,NTZ,KEQU,ETD,MBC,LZB,AMWD,LCUT,WHR,LOVE,EFOI,VIRC,PRPL,COOK,MWYN,VIOT,ATER,NCL"
69,Computer Hardware,Technology,98.62,53,67,75,92,"WDC,STX,OSS,VELO,RCAT,QBTS,ANET,NNDM,RGTI,PSTG,KTCC,DELL,ALOT,SSYS,DDD,NTAP,LOGI,CRCT,YIBO,SMCI,TACT,IONQ,QUBT,UAVS,SCKT,CRSR,AMCI,HPQ,EBON,QMCO,CAN,QCLS,BTCT,AGMH,ZSPC"
70,Drug Manufacturers - General,Healthcare,98.48,52,60,76,34,"GSK,NVS,MRK,JNJ,GILD,BMY,BIIB,AZN,AMGN,LLY,PFE,GRFS,ABBV,AMRN,MIRA,SNY,OGN,SCLX,NVO,NSRX,MDCX"
71,Industrial Distribution,Industrials,98.26,52,28,19,65,"DXPE,REZI,WCC,FERG,GIC,AIT,GWW,MSM,TRNS,FAST,TITN,SITE,CNM,WSO,DSGR,EVI,BXC,DNOW,POOL,TLIH,WXM"
72,Insurance - Reinsurance,Financial Services,98.22,51,34,36,28,"HG,RNR,SPNT,RGA,GLRE,EG,OXBR"
73,Food Distribution,Consumer Defensive,97.99,50,54,49,44,"ANDE,WILC,USFD,AVO,CVGW,UNFI,SYY,CHEF,PFGC,DIT,MTEX,HFFG,TWG"
74,Packaging & Containers,Consumer Cyclical,97.67,49,42,39,33,"MYE,AMBP,BALL,SON,TRS,GEF,CCK,SEE,PKG,SW,PACK,AVY,AMCR,SLGN,REYN,OI,KRT,IP,MGIH,DSS,ORBS,GPK,YHGJ"
75,Farm & Heavy Construction Machinery,Industrials,97.1,49,24,10,35,"CAT,ASTE,TEX,OSK,MTW,BLBD,TWI,AEBI,AGCO,DE,PCAR,CMCO,GENC,ALG,ARTW,CNH,WNC,HY,LNN,XOS,GP,SCAG,HYFM,BNC,HCAI,UGRO"
76,Asset Management,Financial Services,96.92,48,55,57,56,"RMCO,SII,KF,ASA,DFDV,WT,AEF,TWN,AAMI,EMF,AMG,GROW,GNT,BCX,MAAS,IVZ,FGNXP,MXF,SSSS,JOF,MXE,STK,FUND,DHIL,RMT,ASGI,IDE,IHD,GGN,BUI,CAF,GLU,BENF,TEI,AOD,PEO,ACV,GGZ,BEN,CEE,IAE,CYPH,RVT,FHI,LGI,STT,TYG,CHW,RGT,HQL,NXG,BGR,EDD,GLQ,VCTR,NTRS,NCV,BCV,AGD,JHG,TBLD,NCZ,UTG,HQH,DPG,GCV,SWKH,VINP,NML,KYN,NOAH,MEGI,ECF,BSTZ,GAM,CGO,GLO,EMO,ETG,EOD,PGP,CHY,FOF,ETO,GLV,ALTI,MGLD,BCAT,PFG,GDV,EXG,SRV,CHI,IAF,CII,EVT,NMAI,CCD,THW,GF,EMD,BDJ,NFJ,BGY,VTN,ETW,BME,TDF,BST,HEQ,GUT,ADX,SOR,CSWC,VKI,NHS,RMI,NVG,AWP,ERH,NIE,IIM,CET,TRIN,MUJ,HFRO,EEA,NCA,RQI,BBUC,BTO,GAB,BOE,DNP,UTF,BMN,HTD,AIO,EDF,QQQX,MIY,CSQ,ECCC,ETB,AVK,FFA,VGM,RIV,GGT,BPYPM,IGD,FT,HGLB,OIA,ETV,DIAX,VCV,GRF,IGR,BXMX,VMO,THQ,NEA,SCD,MLCI,NAC,CLM,VKQ,DFP,NZF,PFD,GUG,NXJ,DMB,FAX,NAD,RLTY,NQP,CEV,VPV,IQI,NRK,JPC,MMU,PMM,DSM,BN,NPFD,FLC,IGA,LEO,PDT,BLK,RA,SPE,CMU,PGZ,GRX,VGI,NNY,PHK,FPF,NKX,PCQ,CXE,RCG,HIX,MPA,ACP,MYI,JRI,PMO,EVN,MFM,MQY,ISD,JCE,PFO,FFC,MUA,BMEZ,CRF,ICMB,CXH,MSD,FCT,NIM,MCN,MMD,NBH,SBI,ECAT,NMS,EOI,JRS,VFL,NMCO,EOT,RMM,LDP,NUV,GBAB,BWG,RFM,MYN,PSF,WHG,MPV,RFI,JHI,MHD,PFL,PNI,MUC,NBB,SPXX,FINS,AFB,RFMZ,NPCT,PAXS,GAIN,SDHY,EHI,FMN,NUW,ERC,KTF,BTT,AB,PDX,SAMG,NPV,NAN,MMT,NMT,RNP,WEA,GDO,HPS,GHY,SAR,PAI,PPT,OXLCN,HIO,OCCIM,PDPA,NMZ,BHV,GDL,JLS,EIM,PDI,SPMA,PML,HERZ,ETJ,NDMO,EIIA,NAZ,OCCIN,JHS,VLT,BBN,WIA,MAIN,EAD,HPF,WIW,CIF,OXLCP,JGH,EICA,RMMZ,EICC,RSF,OCCIO,PCM,BTZ,DTF,OXLCO,PIM,NMI,FTF,NRO,SPME,DHF,PCN,JMM,FMY,MCI,NXP,BTX,STEW,EVG,RJF,TY,BLW,ETX,PFN,BANX,PAX,PTA,MCR,NBXG,ETY,FTHY,HPI,KIO,IGI,EVV,BKT,ASG,VBF,DSL,WDI,APAM,MHF,BHK,NTRSO,DBL,OPP,HYI,DLY,DMO,CPZ,MGF,SWZ,BBDC,BIT,JFR,BCG,EOS,DMA,GCMG,DSU,MIN,CIK,IIF,JQC,CG,AWF,BGH,NOM,PSEC,PCF,DXYZ,SEIC,BGB,BGT,USA,TSI,PTY,HYT,AMP,DHY,BSL,SLRC,LIEN,EVF,EFT,EARN,AMTD,PFX,FRA,WTF,EFR,MRCC,TROW,ARDC,EQS,IFN,SABA,HNNA,ARCC,HRZN,BGX,KBDC,OXSQ,CNS,FDUS,GOF,VVR,BRW,BCSF,NCDL,GSBD,BCIC,CCAP,OBDC,BAM,MFIC,PFLT,MSDL,GEG,TPVG,RCS,MSIF,CION,GBDC,CRBG,OCSL,PSBD,CGBD,BXSL,APO,HTGC,VRTS,TSLX,FCO,SCM,FSCO,TPG,PNNT,BUR,WHF,NMFC,OTF,BX,GLAD,PDCC,EIC,FSK,STEP,KKR,RPC,XFLT,HLNE,GECC,ARES,RAND,TCPC,OWL,OFS,ECC,CCIF,ZSTK,OCCI,INV,SPMC,TGE,OXLC,CWD,BNKK,TWAV,FGNX,AVX,BNBX,ATON"
77,REIT - Hotel & Motel,Real Estate,96.34,47,33,30,11,"BHR,SOHOO,DRH,HST,SOHOB,XHR,PEB,SOHON,RHP,SVC,PK,RLJ,CLDT,APLE,SHO,INN,AHT,IHT"
78,Medical Care Facilities,Healthcare,96.29,47,41,69,54,"PACS,INNV,BKD,CMPS,EHAB,HCSG,TOI,NHC,GRDN,THC,ENSG,HCA,SNDA,PNTG,LFST,DVA,UHS,MD,AVAH,OPCH,CON,NUTX,CYH,SRTA,USPH,SEM,ACHC,AMN,CHE,ADUS,JYNT,EHC,FMS,AMS,AUNA,ARDT,SGRY,ASTH,CCM,CCEL,CCRN,BTMD,DCGO,AGL,BMGL,AIRS,PIII,NIVF"
79,Insurance - Life,Financial Services,96.25,46,60,54,52,"ABX,PUK,JXN,AAME,CIA,GL,MFC,GNW,CNO,AFL,BHF,BHFAO,BHFAM,BHFAP,BHFAN,MET,UNM,PRU,PRI,LNC,FG"
80,Residential Construction,Consumer Cyclical,96.15,45,36,29,37,"TPH,IBP,TOL,PHM,GRBK,BZH,SKY,DHI,MHO,CVCO,HOV,TMHC,KBH,MTH,NVR,LEGH,LEN,LGIH,DFH,UHG,SPHL"
81,n/a,n/a,95.67,45,49,55,41,"GREEL,DGP,RILYZ,RILYT,RILYG,RILYN,TBMCR,BAR,BWNB,HOVNP,DJP,LION,ATMP,CUBB,DZZ,AMUB,RILYK,SCCG,SCCF,MLPB,SCCE,DHCNI,SVACU,TPTA,SCCD,UCIB,MLACU,SPY,CTDD,ECCW,CTBB,AIZN,SMHB,RWTN,JSM,GJH,SREA,NEWTG,GEGGL,ADAMI,BIPJ,PFFL,ATLCZ,HWCPZ,CMSC,ASBA,OFSSH,OXSQG,CIMN,SWKHL,PFXNZ,SOJE,GPJA,MFAN,NRUC,MFAO,MITN,SOJD,DTW,ABXL,CCZ,ATLCL,CMSA,GOODO,PMTU,OXLCL,JBK,HCXY,KMPB,HTFC,ECCU,CMSD,CRBD,AOMD,MGRB,MGRE,INBKZ,DDT,PYT,SAJ,TVE,RCB,SOJC,RWAYL,PRS,GJS,NHICU,GJT,SAZ,ECCX,TRINI,GECCI,NMFCZ,BEPJ,SSSSL,TRINZ,GECCH,AFGE,ATHS,OXLCZ,WHFCL,AEFC,ECCV,ENJ,RZC,HNNAZ,SAY,UZF,BNH,PMTV,SOJF,RWAYZ,BANFP,MGRD,GAINZ,KCHVU,AQNB,AFGB,CGABL,BEPI,UZD,NEWTI,PRH,BNJ,APOS,BIPH,TFSA,GECCO,DUKB,MGR,KTN,FNGD,KKRT,ELC,MITP,SAT,AFGD,BPOPM,TBB,ENO,MLAC,NHIC,RWTO,DTB,UZE,KTH,FACT,BEPH,GJR,DTG,GJO,TPGXL,PFH,UNMA,FGN,GAINN,GTENU,NMP,AFGC,JENA,CRAQ,CRAQU,KCHV,GJP,KKRS,FIGX,BHFAL,LWACU,LWAC,GTEN,AOMN,APLMW,NMPAU,WENN,TMUSL,MCGAU,TMUSZ,WENNU,TMUSI,BIPI,FGSN,MCGA,GRN,VXZ,RCD,BDCZ,QVCC,QVCD,MHNC,FNGO,SI,MHLA,BBBY,OAKUR,DGZ,NIQ,VXX,FISV,SVA,MKDW,RMSG"
82,Drug Manufacturers - Specialty & Generic,Healthcare,95.16,44,51,64,58,"BIOA,IRWD,INDV,ESPR,PAHC,TXMD,TEVA,ELAN,HROW,VTRS,AMRX,SUPN,KNSA,CPIX,KMDA,TLPH,EBS,TAK,YCBD,COLL,DERM,CRON,AYTU,LNTH,AQST,BFRI,SIGA,ANIP,ASRT,ETON,RDY,LFCR,HLN,ALKS,HCM,PBH,ORGO,NBIX,BHC,ANIK,AMPH,OGI,TLRY,EVO,PCRX,CRDL,CTOR,SCYX,ZTS,SNOA,CGC,RMTI,PRGO,ACB,SBFM,UPC,APUS,RDHL,AKBA,INCR,ALVO,EOLS,GELS,QNTM,PRFX,SHPH,TKNO,IMCC,IXHL,CPHI,ZYBT,BGM,AKAN,SXTC"
83,Shell Companies,Financial Services,95.05,43,49,51,32,"AFJKU,AFJK,UMAC,PCSC,HSPTU,COLAU,ALCYU,ASPCU,HSPT,FTW,ASPC,POLEU,CAPNU,WLACU,RAAQU,IPEXU,BKHAU,SPKLU,BAYA,ESHA,PELIU,BKHA,BAYAU,BCARU,GIGGU,EURK,DTSQ,BLUWU,CGCTU,CEPT,KFIIU,DTSQU,ATIIU,FGMCU,QETA,NOEMU,CAPN,LPAAU,RAAQ,CHACU,DMAAU,ATII,SPEGU,TACHU,KVAC,SPKL,LOKVU,RIBB,IPCXU,TVA,XRPNU,OAKU,TVACU,FACTU,APADU,FVN,COLA,LPAA,PGACU,ANSC,VACH,BLUW,CUBWU,FSHP,SIMA,NOEM,IBAC,ANSCU,ALDFU,OACC,RFAI,GIG,PLMK,ALF,LEGT,MACIU,HYAC,MACI,DMAA,IPODU,FVNNU,SBXD,TDAC,TAVI,GPAT,POLE,CHAR,SIMAU,YHNA,GPATU,PELI,GSRFU,KFII,BSAAU,RANGU,OAKUU,PGAC,NTWO,GRAF,UYSCU,FGMC,CGCT,QSEA,RANG,IPEX,GSHR,PMTRU,CUB,RAC,AACB,RFAIU,DRDBU,IPOD,SOUL,AACBU,SZZLU,CHPG,GTERU,VNMEU,FERAU,SZZL,OBAWU,UYSC,EURKU,LCCCU,CEPF,SVCCU,JACS,NPACU,QETAU,COPL,TVAIU,LCCC,LPBB,FSHPU,HVII,APAD,GTERA,PMTR,ALDF,BSAA,LOKV,SVCC,WTG,WTGUU,INACU,BACCU,TACH,INAC,SDHIU,DRDB,CHPGU,VCIC,GSHRU,XRPN,QUMSU,OACCU,EGHA,BACQ,TVAI,ALCY,SDHI,AXIN,OYSEU,TAVIU,EVAC,OYSE,LPBBU,BCAR,OBA,HVMCU,PACH,KOYNU,QSEAU,FERA,RIBBU,VNME,BEAG,ETHM,KVACU,ALFUU,CCIIU,PACHU,TDACU,EGHAU,HCMAU,YHNAU,MKLYU,MBAV,SOCAU,BACC,CCII,VACHU,FIGXU,ORIQU,AXINU,HVIIU,NTWOU,SSEAU,MBVIU,BEAGU,BACQU,CHARU,NPAC,WLAC,TACOU,IPCX,LPBBW,VCICU,ETHMU,TACO,ONCHU,RDAGU,DAAQ,CCIX,DAAQU,CHAC,CAEP,RDAG,TBMC,PCAP,CEPO,PLMKU,PCAPU,RTACU,MBAVU,CCIXU,RTAC,RDACU,UCFI,RTACW,RDAC,XXI"
84,Leisure,Consumer Cyclical,94.42,43,34,44,89,"AGH,CALY,JOUT,MSGE,KMRK,FNKO,CUK,HAS,GOLF,PLBY,YETI,JAKK,TRON,OSW,ESCA,AS,XPOF,HERE,AOUT,LUCK,LTH,CLAR,NWTG,MAT,HWH,PRKS,FUN,PLNT,PTON,MMA,YYAI,GDHG,DOGZ"
85,Security & Protection Services,Industrials,94.08,42,40,39,69,"UUU,MG,NSSC,BAER,BCO,VRME,MSA,BRC,NL,CIX,ALLE,SPCB,ADT,EVLV,CXW,SNT,CIGL,SUGP,KSCP,GEO,BKYI,GFAI,IVDA"
86,Home Improvement Retail,Consumer Cyclical,93.77,41,63,18,57,"LIVE,LOW,HVT,HD,FND,ARHS,TBHC"
87,Insurance - Property & Casualty,Financial Services,93.59,41,46,65,39,"HRTG,UVE,MCY,UFCS,WTM,CB,SLDE,L,PRA,KINS,ASIC,TRV,LMND,ORI,HIG,AII,CINF,AIZ,MKL,AFG,HCI,HGTY,ACIC,SAFT,SIGI,ALL,SIGIP,THG,WRB,CNA,HMN,DGICB,NODK,STC,GBLI,DGICA,PLMR,HIPO,RLI,KNSL,SKWD,PGR,BOW,PRHI,ROOT,KMPR"
88,Building Materials,Basic Materials,93.55,40,39,23,32,"CPAC,CX,AMRZ,TTAM,MLM,JHX,CRH,VMC,SMID,KNF,USLM,EXP,BCC,LOMA,TGLS,CAPT,CAPS,RETO"
89,Utilities - Renewable,Utilities,93.38,39,72,68,28,"ENLT,FLNC,NRGV,GEV,AXIA,ELLO,ORA,BEPC,BEP,CWEN,AQN,XIFR,CEG,STEM,RNW,HTOO,AGIG,WAVE,CREG,BESS,VGAS,SUUN,NXXT,RNWWW,SAFX,BNRG"
90,Specialty Business Services,Industrials,92.89,39,83,64,80,"RHLD,BUUU,ANPA,AZZ,UNF,AMTM,CMPR,QUAD,RTO,ULS,PC,KODK,NTIP,PRSU,ARMK,CASS,BV,SFHG,DLHC,TH,CTAS,SPIR,RBA,PMAX,GPN,ABM,MMS,DLB,TISI,CPRT,SGRP,SST,RELX,SMX,LZ,PMEC,TRI,FA,CBZ,YSXT,CRE,THH"
91,Insurance - Diversified,Financial Services,92.64,38,41,48,45,"FIHL,WDH,SLF,BNT,ACGL,AEG,IGIC,ACGLN,ACGLO,AIG,EQH,GSHD"
92,Building Products & Equipment,Industrials,92.54,37,18,17,42,"PPIH,JLHL,JCI,TILE,NX,WMS,SPXC,CSL,TT,MAS,APT,LMB,CSTE,AAON,FBIN,CARR,LII,APOG,SWIM,AWI,OC,JBI,LPX,TREX,INVE,BLDR,ROCK,ARLO,AIRJ,JELD,ILAG,ASPN,AEHL"
93,Internet Retail,Consumer Cyclical,92.44,36,68,85,87,"NEGG,LITB,MI,RERE,JMIA,DIBS,W,ZKH,HOUR,LQDT,BABA,EBAY,MOGU,VIPS,SBDS,RVLV,HEPS,JWEL,ETSY,NHTC,QVCGP,GLBE,AMZN,PDD,WNW,TDUP,BZUN,JD,YJ,CART,MELI,LGCB,CHWY,SE,CPNG,QVCGA,WBUY,IPW,JFBR,OCG"
94,Real Estate - Development,Real Estate,92.09,36,78,83,47,"JFB,AEI,VTMX,AXR,FOR,CCS,FPH,LRE,SDHC,OZ,LPA,MRNO,RENX"
95,Airports & Air Services,Industrials,91.47,35,48,46,85,"CAAP,OMAB,ASR,PAC,ASLE,JOBY,UP,SOAR"
96,Farm Products,Consumer Defensive,91.29,34,45,52,55,"VFF,BG,ALCO,FDP,ADM,LND,DOLE,SFD,TSN,AQB,AFRI,CHSCN,CHSCP,CHSCM,CHSCL,CHSCO,AGRO,CALM,LMNR,PFAI,VITL,LOCL,SDOT,EDBL,DTCK"
97,REIT - Mortgage,Real Estate,91.26,34,52,41,36,"ADAM,AGNC,ARR,IVR,NLY,DX,ORC,ACRE,MFA,MITT,RWT,ARI,ADAMZ,ADAML,BRSP,ADAMM,CIM,ADAMN,BXMT,SACH,AGNCZ,NREF,AGNCO,AGNCM,AGNCN,TRTX,AGNCP,AGNCL,CHMI,PMT,EFC,LADR,AOMR,STWD,TWO,REFI,SUNS,LOAN,RITM,ACR,RPT,SEVN,FBRT,CMTG,KREF,ABR,LFT,GPMT,AFCG,RC"
98,Mortgage Finance,Financial Services,90.07,33,58,81,58,"BETR,ECPG,RKT,ONIT,IOR,VEL,CNF,SNFCA,LDI,GHI,WD,PFSI,UWMC,PAPL"
99,Agricultural Inputs,Basic Materials,89.94,32,21,12,19,"NTR,SMG,IPI,UAN,CF,CTVA,AVD,MOS,ICL,SEED,FMC,BIOX"
100,REIT - Residential,Real Estate,89.62,32,27,24,15,"VRE,MRP,ELS,SUI,UMH,BHM,CSR,CPT,UDR,EQR,AIV,BRT,ESS,IRT,MAA,AVB,NXRT,CLPR,AMH,INVH,ELME"
101,Electronics & Computer Distribution,Technology,89.18,31,8,4,16,"AVT,ARW,SNX,CNXN,SCSC,CLMB,CIIT,NSIT,IZM"
102,REIT - Diversified,Real Estate,88.91,30,23,20,9,"NXDT,GNL,FVR,WPC,BNL,CTO,SAFE,OLP,GOODN,EPRT,GOOD,AAT,VICI,MDRR,AHH,ESRT,MKZR,SQFT,GIPR,SQFTP"
103,Capital Markets,Financial Services,88.83,30,56,79,88,"WULF,IREN,CIFR,HUT,FRGE,SLNHP,ABTS,AXG,BITF,RIOT,SNEX,BMNR,SRL,COHN,OPY,NMR,GS,XP,IBKR,MS,MRX,EVR,MIAX,VIRT,SLNH,FUTU,SCHW,LAZ,SF,CLSK,PLUT,PIPR,GREE,BGC,PWP,TW,MKTX,MC,CRCL,HOOD,BMHL,GLXY,HLI,TIGR,PJT,JEF,HIVE,LPLA,TOP,STEX,FRHC,MDBH,HGBL,FUFU,ZBAI,BTBT,ETOR,SOS,SIEB,MEGL,MARA,CD,NCTY,GSIW,GRAN,CNCK,BTCS,WAI,MATH,MIGI,DEFT,BTM,FLD,NCPL,AURE,ABTC,STKE,BRR,NAKA,ANY,LGHL,IPST,ARBK"
104,Broadcasting,Communication Services,88.76,29,62,59,63,"SSP,SJ,IHRT,NXST,TGNA,SGA,GTN,UONEK,SBGI,BBGI,CURI,UONE,MDIA,NMAX,XHLD,FUBO"
105,Business Equipment & Supplies,Industrials,88.6,28,13,4,2,"EBF,ACCO,ACTG,HNI,EHGO"
106,,,88.55,28,30,47,53,"NAMMW,ZTR,FVNNR,LUCYW,PRHIZ,ADAMG,CIMO,ADAMH,DCOMG,OXLCG,OFSSO,OXLCI,OXSQH,CICB,RZB,METCI,TVC,FCRX,GAINI,NEWTH,PMTW,METCZ,RWTP,TWOD,KYIVW,MDCXW,OYSER,CCIIW,BRRWW,CFND,MYSEW,GENVR"
107,Infrastructure Operations,Industrials,88.11,27,22,52,54,"FER,BEEP,VRRM"
108,Pollution & Treatment Controls,Industrials,87.75,26,32,53,82,"CECO,ATMU,ADUR,ZWS,ERII,FSS,CLWT,LIQT,SCWO,VLTO,PCT,BCHT,FTEK,CHNR,CLIR,TOMZ,ARQ,RAIN,PCTTU,ZONE,DEVS"
109,Medical Instruments & Supplies,Healthcare,87.58,26,20,38,40,"EKSO,NNNN,NVST,AVR,NEPH,BLCO,KRMD,PLSE,DXR,MBOT,ALGN,UTMD,BDX,PDEX,ICUI,HOLX,KMTS,INFU,ANGO,HBIO,COO,ATR,ALC,WRBY,WST,LMAT,RMD,XRAY,OSUR,POCI,STXS,ISRG,RGEN,HAE,STAA,BLFS,TFX,BAX,MMSI,ATRC,RVP,AZTA,EMBC,SMTI,NYXH,FEMY,AVTR,STVN,ZTEK,LUCY,NXGL,MLSS,BNGO,STSS,ZJYL,CUPR,GCTK"
110,Household & Personal Products,Consumer Defensive,86.78,25,10,10,6,"PTNM,EL,SPB,EWCZ,ACU,CL,ELF,CHD,UL,CLX,RAY,PG,EPC,NWL,IPAR,UG,GROV,KVUE,NUS,KMB,YSG,WALD,HELE,COTY,WALDW,HNST,SKIN,TANH,SLSN,HIMS,DSY,BYAH"
111,Tobacco,Consumer Defensive,86.6,24,31,14,73,"TPB,BTI,MO,PM,RLX,UVV,ISPR,RYM,XXII,GNLN"
112,Resorts & Casinos,Consumer Cyclical,86.41,23,23,35,68,"HGV,RRR,BYD,LVS,MGM,GDEN,MCRI,BALY,WYNN,MTN,VAC,CNTY,CZR,MSC,MLCO,PENN,FLL"
113,Specialty Retail,Consumer Cyclical,86.3,23,21,15,23,"CGTL,FIVE,BWMX,ULTA,CASY,SBH,OLPX,ASO,EYE,HZO,ARKO,WSM,WINA,BBW,DKS,SVV,GME,BNED,BBWI,AAP,AZO,MUSA,MNSO,RH,ORLY,TSCO,TKLF,EVGO,JBDI,ONEW,BBY,BARK,WOOF,TLF,GRWG,FLWS,CHPT,SPWH,HTLM,BQ,NAAS,RECT,ZOOZ,PTLE,EVGOW,LESL,FTEL,NVVE"
114,Lumber & Wood Production,Basic Materials,86.03,22,12,6,8,"SSD,UFPI,NWGL,WFG,JCTC"
115,Real Estate Services,Real Estate,85.65,21,36,63,69,"OPEN,OMH,DBRG,HBNB,WETH,KW,HASI,MAYS,ARL,STHO,BPYPP,JLL,IRS,RMR,BPYPN,BPYPO,COMP,ASPS,SEG,CWK,MLP,CBRE,NMRK,BEKE,TCI,NYC,FRPH,DOUG,GYRO,FSV,GBR,NEN,SRG,RFL,CIGI,MMI,FTHM,RMAX,EXPI,AIRE,REAX,XHG,CSGP,DUO,UK,OPAD,ALBT,LHAI,UOKA,LRHC"
116,Integrated Freight & Logistics,Industrials,85.57,21,26,13,4,"FDX,PSIG,CHRW,NCEW,JBHT,GXO,ZTO,UPS,RLGT,FWRD,EXPD,CYRX,HUBG,LSTR,PBI,PAL,SFWL,FLX,LSH,ATXG,HXHX,SGLY,ELOG,CRGO,CJMB,JYD,BTOC,GVH"
117,Insurance - Specialty,Financial Services,85.37,20,30,45,43,"JRVR,ACT,FAF,NMIH,AXS,RDN,ESNT,MTG,AGO,EIG,MBI,ITIC,FNF,AMSF,TIPT,TRUP,RYAN,OSG"
118,Grocery Stores,Consumer Defensive,84.41,19,4,6,21,"DDL,IMKTA,VLGEA,KR,WMK,ACI,DNUT,GO,NGVC,SFM,MSS"
119,Healthcare Plans,Healthcare,83.88,19,17,33,7,"ALHC,CVS,CNC,CI,ELV,UNH,OSCR,MOH,CLOV,HUM"
120,Entertainment,Communication Services,83.71,18,17,21,51,"SPHR,WBD,HUYA,MSGS,TKO,IMAX,LLYVA,RDIB,LLYVK,MANU,BATRA,AENT,LYV,BATRK,ROKU,RSVR,AMCX,DIS,LVO,SIRI,MCS,CNVS,FWONA,FWONK,CNK,FOX,FOXA,WMG,TOON,NWSA,MPU,IQ,FTRK,NWS,PLAY,GAIA,STRZ,PSKY,NFLX,RDI,ANGH,CPOP,NIPG,KWM,AGAE,AMC,SLMT,RSVRW,ZNB,KUST"
121,Advertising Agencies,Communication Services,83.44,17,5,2,82,"VSME,CCO,FLNT,DLPN,EVC,TSQ,SWAG,OMC,HAO,BAOS,EEX,ABLV,TULP,MCHX,STGW,ACCS,NEXN,KRKR,ZD,QNST,CRTO,NCMI,MGNI,WPP,TZOO,CDLX,CNET,SDM,TJGC,WIMI,STFS,ADV,TDIC,CHR,YDKG,EDHL,DRCT"
122,Medical Devices,Healthcare,83.04,17,19,25,13,"BBLGW,CATX,TCMD,BWAY,ESTA,AXGN,CERS,QIPT,APYX,IRMD,MASS,IRIX,LIVN,RPID,GMED,TNDM,PROF,VREX,ECOR,CV,SGHT,MOVE,VMD,PHG,GKOS,PEN,LUCD,HYPR,BFLY,CBLL,TMDX,SNN,MASI,BVS,LNSR,AVNS,NPCE,CLPT,BRKRP,NSYS,PACB,EW,MDT,BDMD,SENS,UFPT,QTRX,NVCR,TLSIW,RCEL,CTKB,STE,ZBH,ELUT,SYK,ELMD,AORT,DXCM,TLSI,SRTS,AHCO,ADGM,BIO,BRKR,NMTC,ATEC,INMD,LAB,ITGR,XTNT,CNMD,HSCS,DCTH,ABT,OFIX,IRTC,MDAI,SIBN,CVRX,TRIB,KIDS,SINT,SERA,CTSO,IART,INGN,PODD,QDEL,NSPR,MODD,PAVM,IINN,SNWV,LUNG,SSII,BMRA,BSX,RXST,TNON,ALUR,QSI,PRCT,COCH,IINNW,ICCM,AIMD,LFWD,QTI,BBNX,VTAK,TELA,MYO,VVOS,BBLG,NNOX,INSP,RBOT,OM,XAIR,ARAY,TMCI,NVNO,NXL,MXCT,ITOC,INBS,NUWE,FEED,PMI,BJDX,HSDT,TIVC,AMIX,AEMD,IVF,PFSA,WOK"
123,Restaurants,Consumer Cyclical,81.9,16,11,11,17,"BH,CAVA,CAKE,DIN,KRUS,YUMC,ARCO,BDL,DRI,YUM,SBUX,BJRI,PETZ,MCD,NATH,LOCO,TXRH,QSR,RAVE,EAT,MB,CMG,WING,DPZ,SHAK,NDLS,HDL,BTBD,RRGB,ARKR,CBRL,JACK,STKS,BROS,PZZA,GTIM,WEN,BLMN,THCH,REBN,CNNE,PTLO,FWRG,RICK,CHSN,SG,GENK,CHA,VENU,HCHL,VSTD"
124,Internet Content & Information,Communication Services,81.78,15,28,54,94,"SOGP,GITS,NBIS,MNYWW,GOOGL,GOOG,MNY,BIDU,ZDGE,PODC,LCFY,BODI,JOYY,SCOR,IAC,WB,META,DJTWW,IZEA,CMCM,MTCH,AREN,WBTN,MOMO,NXDR,RDDT,MAX,SEATW,TRVG,NRDS,DASH,PERI,BZ,TME,OPRA,CCG,TC,SSTK,TBLA,GIFT,ZH,ATHM,UPWK,CCGWW,FENG,SPOT,JFIN,DJT,TEAD,GRPN,DOYU,EVER,YELP,VBIX,ZG,SNAP,GENI,Z,PINS,ANGI,BZFD,ONFO,TTGT,FVRR,NAMI,THRY,SEAT,GETY,CHAI,GIBO,ASST,UPXI,SLE"
125,REIT - Office,Real Estate,81.0,15,8,16,25,"PKST,PSTL,CDP,DEA,ONL,NLOP,PDM,JBGS,BXP,CUZ,KRC,BDN,HIW,ARE,ESBA,VNO,DEI,OGCP,FISK,SLG,FSP,CMCT,HPP"
126,Recreational Vehicles,Consumer Cyclical,80.91,14,39,31,10,"DOO,LCII,BC,MCFT,PII,WGO,THO,MBUU,MPX,HOG,EZGO,MAMO,VEEE,VMAR"
127,Paper & Paper Products,Basic Materials,80.76,13,10,8,0,"SUZ,MAGN,SLVM,ITP,MERC,CLW"
128,Gambling,Consumer Cyclical,80.73,13,29,7,63,"ROLR,RSI,CDRO,SGHC,ACEL,INSE,BRSL,CPHC,CHDN,SBET,DKNG,BRAG,GAMB,FLUT,SEGG"
129,Consulting Services,Industrials,80.33,12,45,81,67,"EFTY,ROMA,GRNQ,LAWR,EGG,SBC,FCN,HURN,RYOJ,CRAI,ICFI,EFX,BAH,VRSK,RGP,FORR,INTJ,AERT,VCIG,DGNX"
130,Credit Services,Financial Services,80.02,11,15,27,73,"EZPW,FCFS,ENVA,BFH,WU,GDOT,ALLY,MFIN,ATLCP,SYF,NNI,SNTG,JCAP,CACC,SLMBP,OMF,AXP,COF,SOFI,RM,ATLC,SEZL,LU,CPSS,OPRT,JF,V,MA,OPFI,WRLD,AGM,RWAY,FINV,FOA,ANTA,PMTS,HTT,PRAA,PYPL,NAVI,YRD,SLM,LPRO,AIHS,SUIG,UPST,QFIN,LX,XYF,LMFA,DXF,AIOS"
131,Waste Management,Industrials,79.35,10,25,32,6,"NVRI,ESGL,CLH,PESI,WM,MEG,AWX,RSG,WCN,GFL,QRHC,CWST,AQMS,GWAV,LNZA,CDTG,ENGS,DXST"
132,Packaged Foods,Consumer Defensive,78.79,10,6,19,10,"BOF,MAMA,HLF,NATR,DAR,SENEA,SENEB,JBSS,BGS,FRPT,ABVE,CENT,CENTA,JBS,OTLY,CLNN,SJM,POST,HRL,MKC,INGR,PPC,WEST,CAG,MZTI,LWAY,KHC,BRID,FTLF,GIS,LW,NOMD,FARM,USNA,UTZ,JJSF,CPB,COOT,JVA,NAII,FLO,FAMI,LSF,BHST,HCWC,DDC,SMPL,BRLS,SOWG,BYND,HAIN,RKDA,LFVN,BRBR,BRCC,NCRA,SRXH,WYHG,ORIS,STKH,IMG,ATPC,PAVS"
133,Auto & Truck Dealerships,Consumer Cyclical,77.35,9,13,5,26,"RDNW,RUSHA,RUSHB,MCW,VVV,OPLN,CVNA,UXIN,KFS,CTNT,SDA,AN,PAG,SAH,CARG,ABG,CARS,LAD,KMX,GPI,VRM,DRVN,CRMT,CWH,UCAR,CANG,ACVA,JZXN,AZI,KXIN"
134,Software - Infrastructure,Technology,77.18,8,16,49,76,"NUAI,MCRP,DOCN,AEVA,GCT,CORZ,CFLT,CRWV,LIDR,NN,CCSI,TDC,STNE,MDB,AKAM,PAGS,VHC,NTCT,PDYN,XNET,CSGS,EVCM,TAOX,ATEN,SUPX,RXT,AMBR,IMXI,LSAK,VERI,OS,CPAY,FFIV,CALX,ZETA,TUYA,PLTR,TWLO,ARQQW,PDYNW,PGYWW,DLO,WEX,RDWR,RELY,NET,TLS,SNPS,XBP,BAND,FLYW,USIO,CINT,TCX,RAMP,BKKT,RZLV,KSPI,FTNT,MSFT,ACIW,PRGS,JG,IIIV,DBX,ORIO,SANG,VRSN,ATCH,LIDRW,PAYS,GEN,BB,DOX,CLBT,OKTA,EEFT,CRWD,OSPN,ALLT,MQ,XYZ,KPLT,PATH,PAYO,ZENA,PRTH,ORCL,EVTC,PANW,DVLT,CHKP,APPN,CGNT,AFRM,AIOT,ARQQ,S,BOX,FIVN,PAY,BLIN,GRRR,AISP,YEXT,UBXG,TOST,AUID,ADBE,RBRK,FOUR,BLZE,RPAY,IOT,AVPT,SAIL,HPAI,QLYS,ATGL,ARBE,ALAR,INTZ,TENB,OLB,REKR,PSFE,ZS,BLSH,PGY,NTNX,VRNS,GTLB,KVYO,GDDY,WIX,DTSS,CISO,EXOD,DAVA,SABR,GGRP,RVYL,AIXC,TAOP,CSAI,MSAI,FATN,TGHL,RPD,MLGO,ODD,AGPU,ARAI,CETX,LHSW,HUBC"
135,Staffing & Employment Services,Industrials,75.93,8,7,0,30,"BGSF,KELYB,HQI,JOB,IPDN,KFY,KELYA,BBSI,KFRC,MAN,MHH,TBI,RHI,TNET,GLXG,ZIP,NSP,NIXX"
136,Financial Data & Stock Exchanges,Financial Services,75.56,7,14,28,38,"CBOE,CME,VALU,MSCI,NDAQ,ICE,MCO,MKTW,TRU,SPGI,COIN,MORN,FDS,DTCX,BTOG"
137,Education & Training Services,Consumer Defensive,74.81,6,4,17,70,"LINC,APEI,LGCY,LAUR,UTI,YQ,PRDO,EDU,DAO,GHC,COE,WAFU,TAL,STRA,LOPE,GNS,LRN,EDTK,AFYA,FEDU,AACG,UDMY,MH,COUR,GOTU,STG,IH,FC,AMBO,RYET,CHGG,MYND,GV,KLC,YOUL,GSUN,EEIQ,LXEH,FCHL,SKIL,KIDZ,VSA"
138,Health Information Services,Healthcare,73.55,6,15,56,64,"SY,OWLT,BTSG,BTSGU,TALK,TXG,BEAT,CCLDO,SOPH,OMCL,GEHC,LFMDP,FORA,PRVA,AMWL,SOLV,SPOK,PGNY,HNGE,CARL,CCLD,TBRG,DRIO,NRC,WORX,ONMD,HSTM,TEM,HTFL,HQY,VEEV,WGS,OPRX,GDRX,WAY,CERT,WEAV,SDGR,SLP,TDOC,OMDA,HCAT,LFMD,EVH,PHR,BFRG,DOCS,DH,CTEV,VSEE,ACON,EUDA,MGRX,ZCMD,MNDR,HCTI"
139,Beverages - Wineries & Distilleries,Consumer Defensive,72.66,5,1,2,60,"BLNE,RYZ,WVVIP,SNDL,DEO,YHC,MGPI,WVVI,IBG,SBEV,EPSM"
140,Auto Manufacturers,Consumer Cyclical,72.59,4,3,8,20,"CYD,GM,F,TM,TSLA,EVTV,RIVN,NIO,NIU,HMC,SSM,VFS,XPEV,LOBO,RACE,PSNY,LI,EMPD,STLA,WRD,VFSWW,LOT,GGR,SBLX,LCID,LVWR,FFAI,CENN,FLYE,WKHS,AIIO,DCX"
141,Information Technology Services,Technology,72.22,4,26,32,17,"APLD,JFU,VNET,MGRT,GDS,CACI,NYAX,III,CLPS,PENG,LDOS,CTLP,WYY,INGM,AUR,FORTY,DTST,INOD,IBEX,JKHY,CTM,PSN,IBM,SAIC,SAIH,DXC,ARBB,G,TSSI,VYX,CTSH,INFY,ASGN,WIT,TASK,CDW,BR,CNXC,UIS,GIB,FIS,BBAI,EPAM,CSPI,ACN,CNDT,EXLS,GDYN,HCKT,VEEA,TTEC,GMM,CLVT,GLOB,GLE,NABL,TDTH,IT,XRX,IOTR,SLAI,DMRC,JZ,KD,NOTE,LZMH,CYCU,JDZG,DAIC"
142,Software - Application,Technology,72.11,3,9,21,45,"BVC,MTC,TROO,FSLY,EB,CURR,PDC,PDFS,YOU,MITK,ADEA,DBD,QXO,IDCC,ONTF,HKIT,EGAN,SMRT,NATL,CREX,RNG,BULLW,API,DJCO,NTWK,EGHT,RDZN,YALA,DHX,MFI,DUOT,SEMR,ZM,STRC,WFCF,WYFI,IDN,YB,STRD,UPBD,STRF,CWAN,PLUS,DAVE,CDNS,HKD,KARO,OOMA,DFIN,RMNI,MTLS,PRCH,STRK,KC,RSKD,IDAI,APP,IFBD,SHOP,BILL,IMMR,MNDO,APPS,AWRE,RDVT,PEGA,PTC,NICE,IPM,SSNC,UBER,SAGT,ALRM,GRAB,XPER,ASUR,YMM,DDOG,SNOW,MYSE,OTEX,CHYM,HIT,FROG,LYFT,DSP,LSPD,FICO,RSSS,VTSI,BLKB,BLIV,SSTI,ADSK,AZ,SOUN,KLTR,BMR,MRT,SRAD,INLX,CRM,ADP,PERF,LIF,CCC,SAP,RUM,PCOR,CRNC,NXPL,YXT,MANH,AMST,SVCO,APPF,BTDR,WK,GRND,ESTC,ORKT,DV,PHUN,DT,BSY,NRDY,PAYX,GBTG,CXM,ROP,EXFY,DSGX,RYDE,AGYS,TTAN,IBTA,MAPS,PUBM,ULY,ALKT,DCBO,GWRE,TYL,VTEX,GTM,BMBL,PAYC,SMSI,BL,PCTY,QTWO,AMPL,AI,NCNO,NOW,INTU,DOCU,U,BRZE,CVLT,INUV,AEYE,WDAY,RCT,MSTR,CMRC,AUUD,BULL,FIG,AMZE,TRAK,BNZI,FRSH,HUBS,SOPA,MNTN,AMOD,LAW,QH,BLND,SPSC,SGN,VERX,SWVL,ASAN,TTD,VS,MYSZ,ATHR,SPT,HTCR,ALTS,PAR,WCT,INTA,BZAI,DUOL,PD,TONX,SURG,UPLD,TEAM,MNDY,YAAS,PSQH,CYN,YMT,LPSN,LGCL,FUSE,DOMO,SMWB,NVNI,WETO,CXAI,GRABW,AIFF,FTFT,ALIT,MASK,TGL,ZENV,NXTT,AIXI,FRGT,NTCL,BIYA,JTAI,XTKG"
143,Electronic Gaming & Multimedia,Communication Services,70.57,2,6,15,29,"MSGM,GDC,BILI,SOHU,EA,GRVY,GIGM,GDEV,NTES,DDI,TTWO,GXAI,RBLX,GMHS,PLTK,SNAL,MYPS,SKLZ,CTW,GMGI,DKI,GAME,MYPSW,TRUG,GCL,TBH,BHAT"
144,Personal Services,Consumer Cyclical,67.75,2,2,9,8,"ROL,CSV,SCI,FTDR,MRM,RGS,EM,MED,WW,HRB,BFAM,EJH,CLIK,YYGH,TRNR"
145,Pharmaceutical Retailers,Healthcare,66.35,1,2,28,1,"PETS,HITI,RDGT,HKPD,SCNX,WGRX"
146,Textile Manufacturing,Consumer Cyclical,65.74,0,0,0,0,"AIN,UFI,CULP,PASW"
147,Insurance Brokers,Financial Services,55.56,0,0,1,2,"WTW,MRSH,AON,KG,ERIE,AJG,BRO,HUIZ,ZBAO,TWFG,AIFU,CRVL,ARX,BWIN,SLQT,EHTH,EZRA,GOCO,TIRX"
